按性別_按經常居住地區分_及按鄉鎮市區別分_By_Sex_By_Usually_Living_County_City_By_Township_City_District_人數,總計_Grand_total_人數,同現住鄉鎮市區_Same_township_city_district_人數,同現住縣市不同鄉鎮市區_Same_county_city_人數,不同縣市或國外地區_Other_county_city_or_overseas_人數
總計_Grand_total,3636704,2423264,789584,423856
按性別分_By_Sex,,,,
男_Male,1877478,1247361,413296,216821
女_Female,1759226,1175903,376288,207035
按經常居住地區分_By_Usually_Living_County_City,,,,
北部地區,1743670,1118514,316740,308416
Northern Region,,,,
新北市,635175,349849,107628,177698
New Taipei City,,,,
臺北市,412689,282045,84511,46133
Taipei City,,,,
桃園市,383158,268495,75140,39523
Taoyuan City,,,,
基隆市,50139,30820,9172,10147
Keelung City,,,,
新竹市,96868,76649,10512,9707
Hsinchu City,,,,
宜蘭縣,60057,40786,16461,2810
Yilan County,,,,
新竹縣,105584,69870,13316,22398
Hsinchu County,,,,
中部地區,879199,609909,215309,53981
Central Region,,,,
臺中市,497964,340045,137070,20849
Taichung City,,,,
苗栗縣,77522,56329,13737,7456
Miaoli County,,,,
彰化縣,162616,107942,42246,12428
Changhua County,,,,
南投縣,54583,41662,6215,6706
Nantou County,,,,
雲林縣,86514,63931,16041,6542
Yunlin County,,,,
南部地區,923930,627386,237524,59020
Southern Region,,,,
臺南市,294703,200294,81423,12986
Tainan City,,,,
高雄市,405140,268153,118930,18057
Kaohsiung City,,,,
嘉義市,36485,27412,4806,4267
Chiayi City,,,,
嘉義縣,67612,44467,7500,15645
Chiayi County,,,,
屏東縣,109988,78741,23525,7722
Pingtung County,,,,
澎湖縣,10002,8319,1340,343
Penghu County,,,,
東部地區,76744,57852,16453,2439
Eastern Region,,,,
臺東縣,28062,23800,3366,896
Taitung County,,,,
花蓮縣,48682,34052,13087,1543
Hualien County,,,,
金馬地區,13161,9603,3558,0
Kinma Region,,,,
金門縣,11829,8302,3527,0
Kinmen County,,,,
連江縣,1332,1301,31,0
Lienchiang County,,,,
按性別分_By_Sex,,,,
新北市_男_Male,320819,177042,53615,90162
新北市_女_Female,314356,172807,54013,87536
按鄉鎮市區別分_By_Township_City_District,,,,
新北市板橋區,86998,53370,13157,20471
Banqiao District,,,,
新北市三重區,55588,26267,8678,20643
Sanchong District,,,,
新北市中和區,62658,30717,15124,16817
Zhonghe District,,,,
新北市永和區,31840,13766,5451,12623
Yonghe District,,,,
新北市新莊區,70571,44914,11237,14420
Xinzhuang District,,,,
新北市新店區,45189,24397,4553,16239
Xindian District,,,,
新北市樹林區,28281,13705,7865,6711
Shulin District,,,,
新北市鶯歌區,12583,7501,1915,3167
Yingge District,,,,
新北市三峽區,18998,13242,3429,2327
Sanxia District,,,,
新北市淡水區,36657,27173,1402,8082
Danshui District,,,,
新北市汐止區,34116,11997,3407,18712
Xizhi District,,,,
新北市瑞芳區,3903,2306,370,1227
Ruifang District,,,,
新北市土城區,34442,19822,7028,7592
Tucheng District,,,,
新北市蘆洲區,35747,15813,8169,11765
Luzhou District,,,,
新北市五股區,15691,5302,6389,4000
Wugu District,,,,
新北市泰山區,17279,11427,3301,2551
Taishan District,,,,
新北市林口區,21933,16197,1646,4090
Linkou District,,,,
新北市深坑區,5698,2535,704,2459
Shenkeng District,,,,
新北市石碇區,927,692,126,109
Shiding District,,,,
新北市坪林區,248,164,53,31
Pinglin District,,,,
新北市三芝區,4352,3053,914,385
Sanzhi District,,,,
新北市石門區,598,222,278,98
Shimen District,,,,
新北市八里區,5555,2330,1488,1737
Bali District,,,,
新北市平溪區,211,106,66,39
Pingxi District,,,,
新北市雙溪區,441,340,40,61
Shuangxi District,,,,
新北市貢寮區,623,320,143,160
Gongliao District,,,,
新北市金山區,1955,1341,223,391
Jinshan District,,,,
新北市萬里區,1636,675,273,688
Wanli District,,,,
新北市烏來區,457,155,199,103
Wulai District,,,,
按性別分_By_Sex,,,,
臺北市_男_Male,210998,144284,42896,23818
臺北市_女_Female,201691,137761,41615,22315
按鄉鎮市區別分_By_Township_City_District,,,,
臺北市松山區,24556,12801,8401,3354
Songshan District,,,,
臺北市信義區,29487,17312,8084,4091
Xinyi District,,,,
臺北市大安區,54726,43234,6405,5087
Da'an District,,,,
臺北市中山區,32003,20153,8147,3703
Zhongshan District,,,,
臺北市中正區,24972,16767,5738,2467
Zhongzheng District,,,,
臺北市大同區,14648,7808,4424,2416
Datong District,,,,
臺北市萬華區,20944,11596,5606,3742
Wanhua District,,,,
臺北市文山區,52130,38947,7105,6078
Wenshan District,,,,
臺北市南港區,18925,11611,5338,1976
Nangang District,,,,
臺北市內湖區,40194,27482,8228,4484
Neihu District,,,,
臺北市士林區,54258,40481,8910,4867
Shilin District,,,,
臺北市北投區,45846,33853,8125,3868
Beitou District,,,,
按性別分_By_Sex,,,,
桃園市_男_Male,200838,139948,40889,20001
桃園市_女_Female,182320,128547,34251,19522
按鄉鎮市區別分_By_Township_City_District,,,,
桃園市桃園區,69448,43652,16012,9784
Taoyuan District,,,,
桃園市中壢區,84719,69830,9004,5885
Zhongli District,,,,
桃園市大溪區,15091,9527,4098,1466
Daxi District,,,,
桃園市楊梅區,24971,16896,5578,2497
Yangmei District,,,,
桃園市蘆竹區,29858,20246,6095,3517
Luzhu District,,,,
桃園市大園區,13292,8269,4106,917
Dayuan District,,,,
桃園市龜山區,42320,32632,3603,6085
Guishan District,,,,
桃園市八德區,32850,20108,9161,3581
Bade District,,,,
桃園市龍潭區,19283,13329,3893,2061
Longtan District,,,,
桃園市平鎮區,33804,23758,7614,2432
Pingzhen District,,,,
桃園市新屋區,6491,3817,2092,582
Xinwu District,,,,
桃園市觀音區,10259,5886,3688,685
Guanyin District,,,,
桃園市復興區,772,545,196,31
Fuxing District,,,,
按性別分_By_Sex,,,,
基隆市_男_Male,26301,16287,4511,5503
基隆市_女_Female,23838,14533,4661,4644
按鄉鎮市區別分_By_Township_City_District,,,,
基隆市中正區,10557,7931,1474,1152
Zhongzheng District,,,,
基隆市七堵區,7009,4031,678,2300
Qidu District,,,,
基隆市暖暖區,5198,3089,956,1153
Nuannuan District,,,,
基隆市仁愛區,4782,2431,1408,943
Ren'ai District,,,,
基隆市中山區,5934,3936,1060,938
Zhongshan District,,,,
基隆市安樂區,10442,5701,2442,2299
Anle District,,,,
基隆市信義區,6217,3701,1154,1362
Xinyi District,,,,
按性別分_By_Sex,,,,
新竹市_男_Male,52976,42003,5819,5154
新竹市_女_Female,43892,34646,4693,4553
按鄉鎮市區別分_By_Township_City_District,,,,
新竹市東區,53232,47058,1067,5107
East District,,,,
新竹市北區,23683,16195,4800,2688
North District,,,,
新竹市香山區,19953,13396,4645,1912
Xiangshan District,,,,
按性別分_By_Sex,,,,
宜蘭縣_男_Male,30918,21037,8619,1262
宜蘭縣_女_Female,29139,19749,7842,1548
按鄉鎮市區別分_By_Township_City_District,,,,
宜蘭縣宜蘭市,15468,13226,1699,543
Yilan City,,,,
宜蘭縣羅東鎮,8418,6230,1627,561
Luodong Township,,,,
宜蘭縣蘇澳鎮,3403,2639,614,150
Su'ao Township,,,,
宜蘭縣頭城鎮,2924,2123,580,221
Toucheng Township,,,,
宜蘭縣礁溪鄉,5969,4082,1660,227
Jiaoxi Township,,,,
宜蘭縣壯圍鄉,2920,1494,1267,159
Zhuangwei Township,,,,
宜蘭縣員山鄉,3346,1390,1844,112
Yuanshan Township,,,,
宜蘭縣冬山鄉,6894,3531,2927,436
Dongshan Township,,,,
宜蘭縣五結鄉,4954,1980,2737,237
Wujie Township,,,,
宜蘭縣三星鄉,4240,2966,1186,88
Sanxing Township,,,,
宜蘭縣大同鄉,603,390,191,22
Datong Township,,,,
宜蘭縣南澳鄉,918,735,129,54
Nan'ao Township,,,,
按性別分_By_Sex,,,,
新竹縣_男_Male,55993,36730,7708,11555
新竹縣_女_Female,49591,33140,5608,10843
按鄉鎮市區別分_By_Township_City_District,,,,
新竹縣竹北市,41695,29947,2556,9192
Zhubei City,,,,
新竹縣竹東鎮,16502,10532,1934,4036
Zhudong Township,,,,
新竹縣新埔鎮,4428,2175,1459,794
Xinpu Township,,,,
新竹縣關西鎮,3606,2026,691,889
Guanxi Township,,,,
新竹縣湖口鄉,16032,9945,3152,2935
Hukou Township,,,,
新竹縣新豐鄉,13323,10714,1189,1420
Xinfeng Township,,,,
新竹縣芎林鄉,3205,1283,1097,825
Qionglin Township,,,,
新竹縣橫山鄉,1828,1211,351,266
Hengshan Township,,,,
新竹縣北埔鄉,997,391,377,229
Beipu Township,,,,
新竹縣寶山鄉,2532,698,270,1564
Baoshan Township,,,,
新竹縣峨眉鄉,366,130,105,131
Emei Township,,,,
新竹縣尖石鄉,820,652,85,83
Jianshi Township,,,,
新竹縣五峰鄉,250,166,50,34
Wufeng Township,,,,
按性別分_By_Sex,,,,
臺中市_男_Male,255601,173262,71121,11218
臺中市_女_Female,242363,166783,65949,9631
按鄉鎮市區別分_By_Township_City_District,,,,
臺中市中區,2198,453,1578,167
Central District,,,,
臺中市東區,12491,6359,5604,528
East District,,,,
臺中市南區,31487,22450,7942,1095
South District,,,,
臺中市西區,19689,13462,5394,833
West District,,,,
臺中市北區,24157,18598,4645,914
North District,,,,
臺中市西屯區,60197,49010,8946,2241
Xitun District,,,,
臺中市南屯區,33562,24238,7561,1763
Nantun District,,,,
臺中市北屯區,45466,30320,13265,1881
Beitun District,,,,
臺中市豐原區,21010,13534,6208,1268
Fengyuan District,,,,
臺中市東勢區,4624,3412,951,261
Dongshi District,,,,
臺中市大甲區,9728,7506,1432,790
Dajia District,,,,
臺中市清水區,12191,8181,3510,500
Qingshui District,,,,
臺中市沙鹿區,22171,16054,5582,535
Shalu District,,,,
臺中市梧棲區,9516,5268,3914,334
Wuqi District,,,,
臺中市后里區,7384,4575,2323,486
Houli District,,,,
臺中市神岡區,9648,4768,4596,284
Shengang District,,,,
臺中市潭子區,16874,9156,6967,751
Tanzi District,,,,
臺中市大雅區,17310,9611,7006,693
Daya District,,,,
臺中市新社區,2972,1936,938,98
Xinshe District,,,,
臺中市石岡區,1586,707,803,76
Shigang District,,,,
臺中市外埔區,4334,1829,2283,222
Waipu District,,,,
臺中市大安區,2386,841,1421,124
Da'an District,,,,
臺中市烏日區,13612,7535,5266,811
Wuri District,,,,
臺中市大肚區,8522,4130,3959,433
Dadu District,,,,
臺中市龍井區,11460,5659,5427,374
Longjing District,,,,
臺中市霧峰區,23386,20954,1977,455
Wufeng District,,,,
臺中市太平區,33447,23679,8638,1130
Taiping District,,,,
臺中市大里區,35923,25396,8742,1785
Dali District,,,,
臺中市和平區,633,424,192,17
Heping District,,,,
按性別分_By_Sex,,,,
苗栗縣_男_Male,39720,28619,7058,4043
苗栗縣_女_Female,37802,27710,6679,3413
按鄉鎮市區別分_By_Township_City_District,,,,
苗栗縣苗栗市,16075,14466,879,730
Miaoli City,,,,
苗栗縣苑裡鎮,5316,4272,211,833
Yuanli Township,,,,
苗栗縣通霄鎮,2834,1570,989,275
Tongxiao Township,,,,
苗栗縣竹南鎮,14583,10946,1814,1823
Zhunan Township,,,,
苗栗縣頭份市,16896,11240,3308,2348
Toufen City,,,,
苗栗縣後龍鎮,6354,4599,1548,207
Houlong Township,,,,
苗栗縣卓蘭鎮,1408,1028,81,299
Zhuolan Township,,,,
苗栗縣大湖鄉,1337,937,342,58
Dahu Township,,,,
苗栗縣公館鄉,3444,1993,1205,246
Gongguan Township,,,,
苗栗縣銅鑼鄉,2163,925,1126,112
Tongluo Township,,,,
苗栗縣南庄鄉,930,533,285,112
Nanzhuang Township,,,,
苗栗縣頭屋鄉,1177,505,632,40
Touwu Township,,,,
苗栗縣三義鄉,1607,1223,231,153
Sanyi Township,,,,
苗栗縣西湖鄉,495,224,248,23
Xihu Township,,,,
苗栗縣造橋鄉,1838,1280,466,92
Zaoqiao Township,,,,
苗栗縣三灣鄉,511,255,202,54
Sanwan Township,,,,
苗栗縣獅潭鄉,225,130,92,3
Shitan Township,,,,
苗栗縣泰安鄉,329,203,78,48
Tai'an Township,,,,
按性別分_By_Sex,,,,
彰化縣_男_Male,87411,56922,24065,6424
彰化縣_女_Female,75205,51020,18181,6004
按鄉鎮市區別分_By_Township_City_District,,,,
彰化縣彰化市,35294,29233,1921,4140
Changhua City,,,,
彰化縣鹿港鎮,11350,6586,4117,647
Lugang Township,,,,
彰化縣和美鎮,12873,7720,4204,949
Hemei Township,,,,
彰化縣線西鄉,2163,1227,817,119
Xianxi Township,,,,
彰化縣伸港鄉,4919,2834,1704,381
Shengang Township,,,,
彰化縣福興鄉,5406,2470,2728,208
Fuxing Township,,,,
彰化縣秀水鄉,4911,3104,1581,226
Xiushui Township,,,,
彰化縣花壇鄉,5755,2598,2796,361
Huatan Township,,,,
彰化縣芬園鄉,2740,1186,246,1308
Fenyuan Township,,,,
彰化縣員林市,16025,12484,2447,1094
Yuanlin City,,,,
彰化縣溪湖鎮,5909,4382,1185,342
Xihu Township,,,,
彰化縣田中鎮,4278,3301,745,232
Tianzhong Township,,,,
彰化縣大村鄉,8625,5740,2500,385
Dacun Township,,,,
彰化縣埔鹽鄉,3378,1956,1330,92
Puyan Township,,,,
彰化縣埔心鄉,4305,1925,2168,212
Puxin Township,,,,
彰化縣永靖鄉,3412,1986,1307,119
Yongjing Township,,,,
彰化縣社頭鄉,4846,2393,2197,256
Shetou Township,,,,
彰化縣二水鄉,1157,591,462,104
Ershui Township,,,,
彰化縣北斗鎮,4511,3280,933,298
Beidou Township,,,,
彰化縣二林鎮,5085,3897,1023,165
Erlin Township,,,,
彰化縣田尾鄉,3037,1503,1305,229
Tianwei Township,,,,
彰化縣埤頭鄉,3732,2458,1104,170
Pitou Township,,,,
彰化縣芳苑鄉,2625,1595,896,134
Fangyuan Township,,,,
彰化縣大城鄉,1123,641,435,47
Dacheng Township,,,,
彰化縣竹塘鄉,1292,833,400,59
Zhutang Township,,,,
彰化縣溪州鄉,3865,2019,1695,151
Xizhou Township,,,,
按性別分_By_Sex,,,,
南投縣_男_Male,28028,21612,3406,3010
南投縣_女_Female,26555,20050,2809,3696
按鄉鎮市區別分_By_Township_City_District,,,,
南投縣南投市,12830,9794,1017,2019
Nantou City,,,,
南投縣埔里鎮,11280,10142,280,858
Puli Township,,,,
南投縣草屯鎮,12504,9359,1132,2013
Caotun Township,,,,
南投縣竹山鎮,4844,4179,291,374
Zhushan Township,,,,
南投縣集集鎮,946,455,344,147
Jiji Township,,,,
南投縣名間鄉,3476,1807,1146,523
Mingjian Township,,,,
南投縣鹿谷鄉,997,573,294,130
Lugu Township,,,,
南投縣中寮鄉,1031,519,411,101
Zhongliao Township,,,,
南投縣魚池鄉,1141,769,299,73
Yuchi Township,,,,
南投縣國姓鄉,1338,931,323,84
Guoxing Township,,,,
南投縣水里鄉,1219,961,145,113
Shuili Township,,,,
南投縣信義鄉,1365,1020,261,84
Xinyi Township,,,,
南投縣仁愛鄉,1612,1153,272,187
Ren'ai Township,,,,
按性別分_By_Sex,,,,
雲林縣_男_Male,47613,34968,9440,3205
雲林縣_女_Female,38901,28963,6601,3337
按鄉鎮市區別分_By_Township_City_District,,,,
雲林縣斗六市,18797,16570,1234,993
Douliu City,,,,
雲林縣斗南鎮,5469,3345,1276,848
Dounan Township,,,,
雲林縣虎尾鎮,17606,15334,1643,629
Huwei Township,,,,
雲林縣西螺鎮,4999,3489,1302,208
Xiluo Township,,,,
雲林縣土庫鎮,4787,3585,933,269
Tuku Township,,,,
雲林縣北港鎮,4347,3525,167,655
Beigang Township,,,,
雲林縣古坑鄉,3253,1573,1298,382
Gukeng Township,,,,
雲林縣大埤鄉,1977,837,805,335
Dapi Township,,,,
雲林縣莿桐鄉,2941,1428,1313,200
Citong Township,,,,
雲林縣林內鄉,1845,1328,396,121
Linnei Township,,,,
雲林縣二崙鄉,2468,1338,965,165
Erlun Township,,,,
雲林縣崙背鄉,2139,1333,653,153
Lunbei Township,,,,
雲林縣麥寮鄉,4775,3556,898,321
Mailiao Township,,,,
雲林縣東勢鄉,1145,595,501,49
Dongshi Township,,,,
雲林縣褒忠鄉,1040,544,411,85
Baozhong Township,,,,
雲林縣臺西鄉,1614,1011,476,127
Taixi Township,,,,
雲林縣元長鄉,2046,1072,668,306
Yuanchang Township,,,,
雲林縣四湖鄉,1618,1364,110,144
Sihu Township,,,,
雲林縣口湖鄉,1848,1087,480,281
Kouhu Township,,,,
雲林縣水林鄉,1800,1017,512,271
Shuilin Township,,,,
按性別分_By_Sex,,,,
臺南市_男_Male,149792,100927,42440,6425
臺南市_女_Female,144911,99367,38983,6561
按鄉鎮市區別分_By_Township_City_District,,,,
臺南市新營區,9833,7869,1199,765
Xinying District,,,,
臺南市鹽水區,2493,1411,919,163
Yanshui District,,,,
臺南市白河區,2149,1377,430,342
Baihe District,,,,
臺南市柳營區,3021,2052,895,74
Liuying District,,,,
臺南市後壁區,2143,912,1037,194
Houbi District,,,,
臺南市東山區,1505,743,638,124
Dongshan District,,,,
臺南市麻豆區,4483,3514,812,157
Madou District,,,,
臺南市下營區,2137,1043,1019,75
Xiaying District,,,,
臺南市六甲區,2086,1074,916,96
Liujia District,,,,
臺南市官田區,3737,2326,1277,134
Guantian District,,,,
臺南市大內區,806,354,413,39
Danei District,,,,
臺南市佳里區,7029,4657,1978,394
Jiali District,,,,
臺南市學甲區,2473,1329,1056,88
Xuejia District,,,,
臺南市西港區,3211,1772,1307,132
Xigang District,,,,
臺南市七股區,1736,853,833,50
Qigu District,,,,
臺南市將軍區,1201,530,647,24
Jiangjun District,,,,
臺南市北門區,802,365,397,40
Beimen District,,,,
臺南市新化區,5644,3018,2281,345
Xinhua District,,,,
臺南市善化區,6874,4126,2362,386
Shanhua District,,,,
臺南市新市區,7324,5349,1706,269
Xinshi District,,,,
臺南市安定區,4088,1733,2168,187
Anding District,,,,
臺南市山上區,782,224,518,40
Shanshang District,,,,
臺南市玉井區,1149,922,216,11
Yujing District,,,,
臺南市楠西區,690,444,226,20
Nanxi District,,,,
臺南市南化區,514,315,174,25
Nanhua District,,,,
臺南市左鎮區,222,103,114,5
Zuozhen District,,,,
臺南市仁德區,17552,12547,4387,618
Rende District,,,,
臺南市歸仁區,20845,17027,3329,489
Guiren District,,,,
臺南市關廟區,3757,1817,1803,137
Guanmiao District,,,,
臺南市龍崎區,117,40,73,4
Longqi District,,,,
臺南市永康區,57347,45660,10025,1662
Yongkang District,,,,
臺南市東區,30383,23361,5026,1996
East District,,,,
臺南市南區,14869,7167,6912,790
South District,,,,
臺南市北區,19108,11426,6694,988
North District,,,,
臺南市安南區,31594,19078,11248,1268
Annan District,,,,
臺南市安平區,9691,6006,3277,408
Anping District,,,,
臺南市中西區,11308,7750,3111,447
West Central District,,,,
按性別分_By_Sex,,,,
高雄市_男_Male,209978,138386,62698,8894
高雄市_女_Female,195162,129767,56232,9163
按鄉鎮市區別分_By_Township_City_District,,,,
高雄市鹽埕區,2669,1117,1460,92
Yancheng District,,,,
高雄市鼓山區,22656,16822,5156,678
Gushan District,,,,
高雄市左營區,30370,17850,11188,1332
Zuoying District,,,,
高雄市楠梓區,35012,23988,10036,988
Nanzi District,,,,
高雄市三民區,47944,37316,9113,1515
Sanmin District,,,,
高雄市新興區,4674,2791,1690,193
Xinxing District,,,,
高雄市前金區,3333,1681,1495,157
Qianjin District,,,,
高雄市苓雅區,21079,15629,4664,786
Lingya District,,,,
高雄市前鎮區,22301,13384,7851,1066
Qianzhen District,,,,
高雄市旗津區,3874,2276,1486,112
Qijin District,,,,
高雄市小港區,22416,16008,5556,852
Xiaogang District,,,,
高雄市鳳山區,53986,33151,19007,1828
Fengshan District,,,,
高雄市林園區,7804,4882,2462,460
Linyuan District,,,,
高雄市大寮區,15945,12666,2925,354
Daliao District,,,,
高雄市大樹區,10099,8209,1716,174
Dashu District,,,,
高雄市大社區,6042,2047,3810,185
Dashe District,,,,
高雄市仁武區,14407,6766,6822,819
Renwu District,,,,
高雄市鳥松區,6872,4198,2422,252
Niaosong District,,,,
高雄市岡山區,14354,9521,3996,837
Gangshan District,,,,
高雄市橋頭區,5207,2743,2195,269
Qiaotou District,,,,
高雄市燕巢區,11653,9199,2224,230
Yanchao District,,,,
高雄市田寮區,453,160,252,41
Tianliao District,,,,
高雄市阿蓮區,3536,1908,1247,381
Alian District,,,,
高雄市路竹區,9614,7559,1092,963
Luzhu District,,,,
高雄市湖內區,5347,2310,1539,1498
Hunei District,,,,
高雄市茄萣區,3467,1833,568,1066
Qieding District,,,,
高雄市永安區,1465,547,773,145
Yong'an District,,,,
高雄市彌陀區,2583,1306,1201,76
Mituo District,,,,
高雄市梓官區,4373,1841,2358,174
Ziguan District,,,,
高雄市旗山區,3541,2509,880,152
Qishan District,,,,
高雄市美濃區,2386,1521,714,151
Meinong District,,,,
高雄市六龜區,826,712,89,25
Liugui District,,,,
高雄市甲仙區,296,216,67,13
Jiaxian District,,,,
高雄市杉林區,1041,651,339,51
Shanlin District,,,,
高雄市內門區,2803,2266,462,75
Neimen District,,,,
高雄市茂林區,146,97,13,36
Maolin District,,,,
高雄市桃源區,317,250,49,18
Taoyuan District,,,,
高雄市那瑪夏區,249,223,13,13
Namaxia District,,,,
按性別分_By_Sex,,,,
嘉義市_男_Male,18266,13452,2547,2267
嘉義市_女_Female,18219,13960,2259,2000
按鄉鎮市區別分_By_Township_City_District,,,,
嘉義市東區,17152,14976,247,1929
East District,,,,
嘉義市西區,19333,12436,4559,2338
West District,,,,
按性別分_By_Sex,,,,
嘉義縣_男_Male,35447,22885,4222,8340
嘉義縣_女_Female,32165,21582,3278,7305
按鄉鎮市區別分_By_Township_City_District,,,,
嘉義縣太保市,5669,3351,880,1438
Taibao City,,,,
嘉義縣朴子市,6263,4948,538,777
Puzi City,,,,
嘉義縣布袋鎮,1958,981,357,620
Budai Township,,,,
嘉義縣大林鎮,7289,6059,639,591
Dalin Township,,,,
嘉義縣民雄鄉,18663,15955,328,2380
Minxiong Township,,,,
嘉義縣溪口鄉,1390,510,501,379
Xikou Township,,,,
嘉義縣新港鄉,2883,1742,578,563
Xingang Township,,,,
嘉義縣六腳鄉,1711,589,600,522
Liujiao Township,,,,
嘉義縣東石鄉,1514,548,721,245
Dongshi Township,,,,
嘉義縣義竹鄉,1242,639,100,503
Yizhu Township,,,,
嘉義縣鹿草鄉,1177,655,199,323
Lucao Township,,,,
嘉義縣水上鄉,6639,2666,735,3238
Shuishang Township,,,,
嘉義縣中埔鄉,5690,2293,581,2816
Zhongpu Township,,,,
嘉義縣竹崎鄉,2584,1737,303,544
Zhuqi Township,,,,
嘉義縣梅山鄉,1394,934,227,233
Meishan Township,,,,
嘉義縣番路鄉,1141,520,186,435
Fanlu Township,,,,
嘉義縣大埔鄉,73,71,0,2
Dapu Township,,,,
嘉義縣阿里山鄉,332,269,27,36
Alishan Township,,,,
按性別分_By_Sex,,,,
屏東縣_男_Male,55480,39860,11362,4258
屏東縣_女_Female,54508,38881,12163,3464
按鄉鎮市區別分_By_Township_City_District,,,,
屏東縣屏東市,34511,29454,2570,2487
Pingtung City,,,,
屏東縣潮州鎮,7055,4439,2111,505
Chaozhou Township,,,,
屏東縣東港鎮,5530,4272,696,562
Donggang Township,,,,
屏東縣恆春鎮,3436,3142,112,182
Hengchun Township,,,,
屏東縣萬丹鄉,5662,2989,1991,682
Wandan Township,,,,
屏東縣長治鄉,3547,1214,2064,269
Changzhi Township,,,,
屏東縣麟洛鄉,1092,392,630,70
Linluo Township,,,,
屏東縣九如鄉,2420,1136,1107,177
Jiuru Township,,,,
屏東縣里港鄉,2367,1335,690,342
Ligang Township,,,,
屏東縣鹽埔鄉,3380,2545,554,281
Yanpu Township,,,,
屏東縣高樹鄉,2015,1353,494,168
Gaoshu Township,,,,
屏東縣萬巒鄉,2013,1144,743,126
Wanluan Township,,,,
屏東縣內埔鄉,14868,13377,1215,276
Neipu Township,,,,
屏東縣竹田鄉,1837,511,1169,157
Zhutian Township,,,,
屏東縣新埤鄉,941,322,541,78
Xinpi Township,,,,
屏東縣枋寮鄉,2483,1766,563,154
Fangliao Township,,,,
屏東縣新園鄉,3832,1601,1718,513
Xinyuan Township,,,,
屏東縣崁頂鄉,1460,713,667,80
Kanding Township,,,,
屏東縣林邊鄉,1397,845,477,75
Linbian Township,,,,
屏東縣南州鄉,1735,1306,328,101
Nanzhou Township,,,,
屏東縣佳冬鄉,1764,1165,514,85
Jiadong Township,,,,
屏東縣琉球鄉,712,599,75,38
Liouciou Township,,,,
屏東縣車城鄉,586,348,195,43
Checheng Township,,,,
屏東縣滿州鄉,485,346,122,17
Manzhou Township,,,,
屏東縣枋山鄉,416,157,221,38
Fangshan Township,,,,
屏東縣三地門鄉,887,386,467,34
Sandimen Township,,,,
屏東縣霧臺鄉,150,44,88,18
Wutai Township,,,,
屏東縣瑪家鄉,870,382,455,33
Majia Township,,,,
屏東縣泰武鄉,609,372,223,14
Taiwu Township,,,,
屏東縣來義鄉,742,498,199,45
Laiyi Township,,,,
屏東縣春日鄉,569,220,311,38
Chunri Township,,,,
屏東縣獅子鄉,314,140,152,22
Shizi Township,,,,
屏東縣牡丹鄉,303,228,63,12
Mudan Township,,,,
按性別分_By_Sex,,,,
澎湖縣_男_Male,5474,4582,745,147
澎湖縣_女_Female,4528,3737,595,196
按鄉鎮市區別分_By_Township_City_District,,,,
澎湖縣馬公市,7341,7039,56,246
Magong City,,,,
澎湖縣湖西鄉,1287,534,709,44
Huxi Township,,,,
澎湖縣白沙鄉,644,351,268,25
Baisha Township,,,,
澎湖縣西嶼鄉,543,237,293,13
Xiyu Township,,,,
澎湖縣望安鄉,77,60,9,8
Wang'an Township,,,,
澎湖縣七美鄉,110,98,5,7
Qimei Township,,,,
按性別分_By_Sex,,,,
臺東縣_男_Male,14568,12338,1878,352
臺東縣_女_Female,13494,11462,1488,544
按鄉鎮市區別分_By_Township_City_District,,,,
臺東縣臺東市,17677,17152,19,506
Taitung City,,,,
臺東縣成功鎮,983,904,60,19
Chenggong Township,,,,
臺東縣關山鎮,1060,908,82,70
Guanshan Township,,,,
臺東縣卑南鄉,2356,923,1369,64
Beinan Township,,,,
臺東縣鹿野鄉,831,508,277,46
Luye Township,,,,
臺東縣池上鄉,619,422,170,27
Chishang Township,,,,
臺東縣東河鄉,517,356,151,10
Donghe Township,,,,
臺東縣長濱鄉,512,379,108,25
Changbin Township,,,,
臺東縣太麻里鄉,1358,747,569,42
Taimali Township,,,,
臺東縣大武鄉,344,304,31,9
Dawu Township,,,,
臺東縣綠島鄉,168,144,14,10
Lüdao Township,,,,
臺東縣海端鄉,365,253,102,10
Haiduan Township,,,,
臺東縣延平鄉,289,183,94,12
Yanping Township,,,,
臺東縣金峰鄉,401,178,201,22
Jinfeng Township,,,,
臺東縣達仁鄉,224,107,106,11
Daren Township,,,,
臺東縣蘭嶼鄉,358,332,13,13
Lanyu Township,,,,
按性別分_By_Sex,,,,
花蓮縣_男_Male,24303,17160,6360,783
花蓮縣_女_Female,24379,16892,6727,760
按鄉鎮市區別分_By_Township_City_District,,,,
花蓮縣花蓮市,13338,12112,649,577
Hualien City,,,,
花蓮縣鳳林鎮,793,599,179,15
Fenglin Township,,,,
花蓮縣玉里鎮,2702,2377,266,59
Yuli Township,,,,
花蓮縣新城鄉,3936,2053,1801,82
Xincheng Township,,,,
花蓮縣吉安鄉,12537,4827,7237,473
Ji'an Township,,,,
花蓮縣壽豐鄉,9653,8951,575,127
Shoufeng Township,,,,
花蓮縣光復鄉,991,786,173,32
Guangfu Township,,,,
花蓮縣豐濱鄉,152,133,17,2
Fengbin Township,,,,
花蓮縣瑞穗鄉,773,563,195,15
Ruisui Township,,,,
花蓮縣富里鄉,808,559,182,67
Fuli Township,,,,
花蓮縣秀林鄉,1930,558,1301,71
Xiulin Township,,,,
花蓮縣萬榮鄉,558,270,278,10
Wanrong Township,,,,
花蓮縣卓溪鄉,511,264,234,13
Zhuoxi Township,,,,
按性別分_By_Sex,,,,
金門縣_男_Male,6186,4312,1874,0
金門縣_女_Female,5643,3990,1653,0
按鄉鎮市區別分_By_Township_City_District,,,,
金門縣金城鎮,3311,2402,909,0
Jincheng Township,,,,
金門縣金沙鎮,1448,880,568,0
Jinsha Township,,,,
金門縣金湖鎮,2644,1918,726,0
Jinhu Township,,,,
金門縣金寧鄉,3939,2743,1196,0
Jinning Township,,,,
金門縣烈嶼鄉,481,353,128,0
Lieyu Township,,,,
金門縣烏坵鄉,6,6,0,0
Wuqiu Township,,,,
按性別分_By_Sex,,,,
連江縣_男_Male,768,745,23,0
連江縣_女_Female,564,556,8,0
按鄉鎮市區別分_By_Township_City_District,,,,
連江縣南竿鄉,871,871,0,0
Nangan Township,,,,
連江縣北竿鄉,209,192,17,0
BeiganTownship,,,,
連江縣莒光鄉,61,53,8,0
Juguang Township,,,,
連江縣東引鄉,191,185,6,0
Dongyin Township,,,,

